City_ID,City,Country,Lat,Lng,Max Temp,Humidity,Cloudiness,Wind Speed,Weather Description
0,Grand Gaube,MU,-20.0064,57.6608,69.39,77,0,1.99,clear sky
1,Balkanabat,TM,39.5108,54.3671,86.85,9,0,10.6,clear sky
2,Bethel,US,41.3712,-73.414,76.06,64,1,1.01,clear sky
3,Thompson,CA,55.7435,-97.8558,77.16,36,75,6.91,broken clouds
4,Cape Town,ZA,-33.9258,18.4232,58.12,88,0,4.61,clear sky
5,Gusau,NG,12.1628,6.6614,81.32,58,43,13.09,scattered clouds
6,Severo-Kurilsk,RU,50.6789,156.125,48.49,76,85,7.87,overcast clouds
7,Calatayud,ES,41.3535,-1.6432,73.98,63,96,4.41,overcast clouds
8,Bani,DO,18.2833,-70.3333,85.44,70,13,9.95,few clouds
9,Tortoli,IT,39.9256,9.6572,70.99,78,0,10.36,clear sky
10,Bardiyah,LY,31.7561,25.0865,70.88,70,0,10.6,clear sky
11,Albany,US,42.6001,-73.9662,69.75,73,32,3.0,scattered clouds
12,Kenora,CA,49.8167,-94.4337,74.37,43,40,3.44,scattered clouds
13,Norman Wells,CA,65.282,-126.8329,69.84,40,20,13.8,few clouds
14,Port Elizabeth,ZA,-33.918,25.5701,64.09,88,0,1.14,clear sky
15,New Norfolk,AU,-42.7826,147.0587,48.76,89,96,1.16,light rain
16,Mahibadhoo,MV,3.7833,72.9667,83.26,69,100,14.56,overcast clouds
17,Saint George,US,37.1041,-113.5841,112.62,8,1,8.01,clear sky
18,San Quintin,MX,30.4833,-115.95,72.43,68,100,7.65,overcast clouds
19,Avera,US,33.194,-82.5271,93.52,34,18,14.38,few clouds
20,Jamestown,US,42.097,-79.2353,69.39,34,1,5.75,clear sky
21,Busselton,AU,-33.65,115.3333,56.59,76,84,6.51,broken clouds
22,Provideniya,RU,64.3833,-173.3,41.11,75,14,8.95,fog
23,Krasnoselkup,RU,65.7,82.4667,62.1,90,98,10.78,light rain
24,Sibu,MY,2.3,111.8167,77.31,94,40,0.0,scattered clouds
25,Khuzhir,RU,53.1939,107.3397,41.63,94,97,8.95,light rain
26,Ribeira Grande,PT,38.5167,-28.7,69.39,89,100,7.18,overcast clouds
27,San Rafael,AR,-34.6177,-68.3301,43.07,33,100,6.82,light rain
28,Humaita,BR,-7.5061,-63.0208,74.43,88,65,1.25,broken clouds
29,Kaitangata,NZ,-46.2817,169.8464,49.62,96,100,6.06,overcast clouds
30,Tautira,PF,-17.7333,-149.15,82.42,80,87,21.7,light rain
31,Hilo,US,19.7297,-155.09,84.27,55,20,8.05,few clouds
32,Bredasdorp,ZA,-34.5322,20.0403,51.12,87,25,3.44,scattered clouds
33,Hwange,ZW,-18.3693,26.5019,55.72,65,30,1.23,scattered clouds
34,Vaini,TO,-21.2,-175.2,78.96,83,75,10.36,broken clouds
35,Tuatapere,NZ,-46.1333,167.6833,48.81,95,100,1.88,overcast clouds
36,Catuday,PH,16.2923,119.8062,81.36,79,75,11.45,broken clouds
37,Vila Praia De Ancora,PT,41.811,-8.8526,79.66,82,71,4.54,broken clouds
38,Aswan,EG,24.0934,32.907,82.74,20,0,14.47,clear sky
39,Rikitea,PF,-23.1203,-134.9692,74.95,79,27,10.07,light rain
40,Kapaa,US,22.0752,-159.319,82.72,77,40,4.0,scattered clouds
41,Kushiro,JP,42.975,144.3747,52.75,87,75,2.3,broken clouds
42,Hailey,US,43.5196,-114.3153,80.46,22,1,8.05,clear sky
43,Punta Arenas,CL,-53.15,-70.9167,37.51,87,0,11.5,clear sky
44,Ziarat,PK,30.3823,67.7282,58.5,40,0,1.41,clear sky
45,Fort Nelson,CA,58.8053,-122.7002,58.59,77,90,10.36,light rain
46,Hammerfest,NO,70.6634,23.6821,39.65,87,75,8.05,broken clouds
47,Lagoa,PT,39.05,-27.9833,68.54,91,100,11.79,overcast clouds
48,Kahului,US,20.8947,-156.47,85.96,65,20,27.63,few clouds
49,Ushuaia,AR,-54.8,-68.3,37.06,75,40,3.44,scattered clouds
50,Cabo San Lucas,MX,22.8909,-109.9124,100.51,54,1,14.97,clear sky
51,Hermanus,ZA,-34.4187,19.2345,57.9,88,53,5.28,broken clouds
52,Atuona,PF,-9.8,-139.0333,79.21,77,42,21.77,light rain
53,Owando,CG,-0.4819,15.8999,75.11,75,61,3.53,broken clouds
54,Bluff,NZ,-46.6,168.3333,48.79,90,100,9.95,overcast clouds
55,Viedma,AR,-40.8135,-62.9967,47.59,57,78,4.9,broken clouds
56,Kavieng,PG,-2.5744,150.7967,83.35,73,48,11.88,light rain
57,Khatanga,RU,71.9667,102.5,66.94,49,0,7.38,clear sky
58,Srednekolymsk,RU,67.45,153.6833,51.06,77,100,15.12,light rain
59,Quatre Cocos,MU,-20.2078,57.7625,69.1,84,2,7.02,clear sky
60,Hithadhoo,MV,-0.6,73.0833,82.81,73,65,6.69,broken clouds
61,Champerico,GT,14.3,-91.9167,84.34,73,51,5.01,broken clouds
62,Srivardhan,IN,18.0333,73.0167,80.64,86,100,11.65,overcast clouds
63,Ukiah,US,39.1502,-123.2078,92.12,37,1,12.66,clear sky
64,Vila Velha,BR,-20.3297,-40.2925,66.94,92,0,3.0,clear sky
65,Popondetta,PG,-8.7537,148.2534,81.41,73,100,4.34,overcast clouds
66,Codrington,AU,-38.2667,141.9667,53.29,85,92,13.09,overcast clouds
67,Avarua,CK,-21.2078,-159.775,78.85,69,40,19.57,light rain
68,Kirakira,SB,-10.4544,161.9205,84.58,70,27,6.89,scattered clouds
69,Igrim,RU,63.1906,64.4162,52.32,62,38,3.98,scattered clouds
70,Richards Bay,ZA,-28.783,32.0377,67.55,48,92,13.67,overcast clouds
71,Mitsamiouli,KM,-11.3847,43.2844,75.45,67,50,5.1,scattered clouds
72,Chester,US,40.1254,-75.8749,74.8,63,20,5.75,few clouds
73,Chuy,UY,-33.6971,-53.4616,47.19,81,61,9.42,broken clouds
74,Castro,BR,-24.7911,-50.0119,51.71,75,4,1.39,clear sky
75,Salta,AR,-24.7859,-65.4117,52.39,89,90,1.99,overcast clouds
76,Smithers,CA,54.7804,-127.1743,59.32,63,75,4.61,light rain
77,Upernavik,GL,72.7868,-56.1549,34.66,86,11,3.78,few clouds
78,Pangai,TO,-19.8,-174.35,80.71,69,20,16.11,few clouds
79,Lebu,CL,-37.6167,-73.65,50.13,69,100,6.49,overcast clouds
80,Vestmannaeyjar,IS,63.4427,-20.2734,43.41,70,100,4.56,light rain
81,Iznoski,RU,54.9881,35.3108,55.65,96,7,4.74,clear sky
82,Oranjemund,NA,-28.55,16.4333,58.21,75,31,4.61,scattered clouds
83,Jiangkou,CN,25.4872,119.1986,82.29,84,100,7.76,overcast clouds
84,Tuktoyaktuk,CA,69.4541,-133.0374,69.8,37,20,17.27,few clouds
85,Yellowknife,CA,62.456,-114.3525,72.12,43,75,14.97,broken clouds
86,Talnakh,RU,69.4865,88.3972,51.08,79,83,10.8,broken clouds
87,Georgetown,MY,5.4112,100.3354,78.73,93,20,1.99,few clouds
88,Sile,TR,41.1754,29.6133,63.27,68,70,3.0,broken clouds
89,Karratha,AU,-20.7377,116.8463,67.3,39,100,18.52,overcast clouds
90,Mataura,NZ,-46.1927,168.8643,48.47,95,100,0.69,overcast clouds
91,Huarmey,PE,-10.0681,-78.1522,67.48,84,42,9.78,scattered clouds
92,Saskylakh,RU,71.9167,114.0833,63.82,56,27,8.99,scattered clouds
93,Hovd,MN,48.0056,91.6419,55.87,34,2,1.32,clear sky
94,Jacksonville Beach,US,30.2947,-81.3931,76.01,81,90,3.0,light rain
95,Santa Isabel Do Rio Negro,BR,-0.4139,-65.0192,72.84,98,90,3.02,light rain
96,Capari,MK,41.0561,21.1783,47.14,84,28,3.4,scattered clouds
97,Fiumicino,IT,41.7675,12.2291,71.15,86,0,4.61,clear sky
98,Puerto Ayora,EC,-0.7393,-90.3518,74.55,85,3,5.01,clear sky
99,Arraial Do Cabo,BR,-22.9661,-42.0278,58.96,67,0,2.3,clear sky
100,Usinsk,RU,65.9939,57.5281,55.49,57,99,18.03,overcast clouds
101,Sao Filipe,CV,14.8961,-24.4956,73.63,85,83,4.38,broken clouds
102,Dikson,RU,73.5069,80.5464,31.1,93,48,9.46,scattered clouds
103,Calabozo,VE,8.9242,-67.4293,79.93,68,60,2.84,broken clouds
104,San Patricio,US,28.017,-97.5169,95.09,59,11,10.89,few clouds
105,Peniche,PT,39.3558,-9.3811,68.72,94,33,5.46,scattered clouds
106,Husavik,IS,66.0449,-17.3389,39.11,73,99,13.91,overcast clouds
107,Jalu,LY,29.0331,21.5482,77.14,34,0,13.51,clear sky
108,Charters Towers,AU,-20.1,146.2667,71.26,85,97,9.78,overcast clouds
109,Salalah,OM,17.0151,54.0924,84.29,84,8,6.91,clear sky
110,Russell,US,32.3502,-85.1999,92.48,63,20,5.75,few clouds
111,Vao,NC,-22.6667,167.4833,72.88,80,97,7.09,overcast clouds
112,Taoudenni,ML,22.6783,-3.9836,101.61,7,0,13.33,clear sky
113,Ilulissat,GL,69.2167,-51.1,37.42,87,40,4.61,scattered clouds
114,Tasiilaq,GL,65.6145,-37.6368,37.56,72,47,2.73,scattered clouds
115,Abu Samrah,SY,35.3029,37.1841,65.05,78,0,7.54,clear sky
116,Itarema,BR,-2.9248,-39.9167,78.94,80,70,10.6,broken clouds
117,Sayyan,YE,15.1718,44.3244,62.98,41,90,1.92,overcast clouds
118,Praxedis Guerrero,MX,31.3667,-106.0167,98.42,13,0,19.84,clear sky
119,Victoria,HK,22.2855,114.1577,88.97,84,100,1.99,overcast clouds
120,Wajima,JP,37.4,136.9,68.68,94,75,6.91,broken clouds
121,Santa Fe,AR,-31.6333,-60.7,51.03,63,39,4.0,light rain
122,Nikolskoye,RU,59.7035,30.7861,50.4,88,23,5.26,few clouds
123,Aklavik,CA,68.2191,-135.0107,79.63,29,20,14.97,few clouds
124,Henties Bay,NA,-22.116,14.2845,54.86,81,64,4.79,broken clouds
125,Leningradskiy,RU,69.3833,178.4167,40.3,91,90,6.4,overcast clouds
126,Kayerkan,RU,69.3497,87.7602,51.84,83,87,9.84,overcast clouds
127,Barrow,US,71.2906,-156.7887,41.02,75,40,21.85,scattered clouds
128,Bambanglipuro,ID,-7.95,110.2833,57.6,86,99,4.32,overcast clouds
129,Grindavik,IS,63.8424,-22.4338,46.35,75,75,21.85,broken clouds
130,Quelimane,MZ,-17.8786,36.8883,66.74,92,81,1.28,broken clouds
131,San Cristobal,VE,7.7669,-72.225,69.98,91,89,2.37,overcast clouds
132,Komsomolskiy,UZ,40.4272,71.7189,65.62,39,5,6.91,clear sky
133,Jacqueville,CI,5.2052,-4.4146,80.51,83,98,13.06,overcast clouds
134,Vetlanda,SE,57.4289,15.0776,46.27,94,63,4.79,broken clouds
135,Butaritari,KI,3.0707,172.7902,83.17,77,100,15.97,light rain
136,Zalantun,CN,48.0,122.7167,72.16,64,98,6.35,overcast clouds
137,Ko Samui,TH,9.5357,99.9357,83.97,74,100,12.41,overcast clouds
138,Christchurch,NZ,-43.5333,172.6333,52.03,96,90,1.99,overcast clouds
139,Houston,US,29.7633,-95.3633,90.32,72,75,5.99,heavy intensity rain
140,Port Macquarie,AU,-31.4333,152.9167,58.89,58,1,2.21,clear sky
141,North Myrtle Beach,US,33.816,-78.68,78.85,85,1,0.0,clear sky
142,La Ronge,CA,55.1001,-105.2842,86.25,28,20,17.27,few clouds
143,Kochki,RU,54.3358,80.4806,60.53,86,17,6.02,few clouds
144,Bafq,IR,31.6128,55.4107,85.24,13,0,4.25,clear sky
145,Rawson,AR,-43.3002,-65.1023,42.17,61,90,2.15,overcast clouds
146,Port Alfred,ZA,-33.5906,26.891,64.33,60,89,9.22,overcast clouds
147,Fokino,RU,42.9836,132.4047,58.23,77,82,7.81,broken clouds
148,Mar Del Plata,AR,-38.0023,-57.5575,50.0,65,40,5.99,scattered clouds
149,Bengkulu,ID,-3.8004,102.2655,75.74,90,96,4.68,overcast clouds
150,Praya,CV,14.9215,-23.5087,75.74,78,75,11.5,broken clouds
151,Katsuura,JP,35.1333,140.3,75.18,77,100,8.25,light rain
152,Biak,ID,-0.9131,122.8766,78.03,79,88,7.2,overcast clouds
153,Kruisfontein,ZA,-34.0033,24.7314,58.89,81,94,4.88,overcast clouds
154,Domoni,KM,-12.2569,44.5319,75.06,77,77,7.34,broken clouds
155,Hobart,AU,-42.8794,147.3294,49.12,92,75,8.05,broken clouds
156,Aguimes,ES,27.9054,-15.4461,67.86,70,20,12.66,few clouds
157,Torbay,CA,47.6666,-52.7314,47.28,92,90,17.27,fog
158,Kununurra,AU,-15.7667,128.7333,67.98,77,22,0.0,few clouds
159,Saint Anthony,US,45.0205,-93.218,82.74,41,20,3.0,few clouds
160,Camopi,GF,3.1655,-52.3158,71.78,99,100,2.28,overcast clouds
161,Constitucion,CL,-35.3333,-72.4167,53.47,85,96,7.54,overcast clouds
162,Redcliffe,AU,-27.2307,153.0973,67.98,53,75,6.91,fog
163,Key West,US,24.5557,-81.7826,84.99,80,75,5.75,haze
164,Faanui,PF,-16.4833,-151.75,80.64,76,25,20.71,light rain
165,Doha,QA,25.2867,51.5333,91.38,45,0,10.36,clear sky
166,Noyabrsk,RU,63.1994,75.4507,56.19,91,88,21.68,overcast clouds
167,Antofagasta,CL,-23.65,-70.4,60.08,81,91,2.59,overcast clouds
168,Susurluk,TR,39.9136,28.1578,58.78,79,64,3.47,broken clouds
169,Gizo,SB,-8.103,156.8419,83.7,70,90,6.8,overcast clouds
170,Hofn,IS,64.2539,-15.2082,38.34,74,100,19.13,light rain
171,Mount Isa,AU,-20.7333,139.5,71.37,46,25,6.91,scattered clouds
172,Parkes,AU,-33.1333,148.1833,52.77,74,29,8.72,scattered clouds
173,Mehamn,NO,71.0357,27.8492,42.12,74,100,22.7,overcast clouds
174,Bambous Virieux,MU,-20.3428,57.7575,69.22,94,40,4.61,scattered clouds
175,Broome,US,42.2506,-75.833,67.01,76,90,1.99,overcast clouds
176,Nabire,ID,-3.3667,135.4833,78.55,84,99,2.04,overcast clouds
177,Taybad,IR,34.74,60.7756,71.96,13,0,11.59,clear sky
178,Lavrentiya,RU,65.5833,-171.0,42.78,76,8,7.34,clear sky
179,Concepcion Del Uruguay,AR,-32.4825,-58.2372,45.99,82,5,1.99,clear sky
180,Koroni,GR,36.8,21.95,64.08,68,36,5.86,scattered clouds
181,Poum,NC,-20.2333,164.0167,75.52,82,35,11.48,scattered clouds
182,Inirida,CO,3.8653,-67.9239,73.78,98,93,3.13,overcast clouds
183,Madang,PG,-5.2246,145.7966,80.13,85,100,0.2,light rain
184,Isabela,PH,6.7085,121.9711,77.05,84,100,6.82,overcast clouds
185,Adre,TD,13.4667,22.2,81.28,43,95,4.9,overcast clouds
186,Saint-Philippe,RE,-21.3585,55.7679,67.59,84,31,9.62,light rain
187,Marihatag,PH,8.7936,126.2969,81.46,83,65,3.74,broken clouds
188,Wajir,KE,1.7471,40.0573,73.33,63,60,15.08,broken clouds
189,Vardo,NO,70.3705,31.1107,42.58,72,100,23.22,overcast clouds
190,Carnarvon,AU,-24.8667,113.6333,50.07,53,98,10.36,overcast clouds
191,Klyuchi,RU,52.2667,79.1667,65.35,62,30,3.31,scattered clouds
192,Nelson Bay,AU,-32.7167,152.15,56.28,81,0,1.99,clear sky
193,Cuamba,MZ,-14.8031,36.5372,55.56,92,22,2.95,few clouds
194,Rio Gallegos,AR,-51.6226,-69.2181,37.45,75,40,5.75,scattered clouds
195,Crestview,US,30.7621,-86.5705,88.12,62,1,8.05,clear sky
196,Marsaxlokk,MT,35.8419,14.5431,71.08,77,0,5.75,clear sky
197,Hasaki,JP,35.7333,140.8333,77.29,72,100,7.43,moderate rain
198,Dong Hoi,VN,17.4833,106.6,82.27,76,70,10.65,broken clouds
199,Alice Springs,AU,-23.7,133.8833,47.75,49,89,2.3,overcast clouds
200,Yulara,AU,-25.2406,130.9889,42.64,56,81,0.0,broken clouds
201,Seidu,SL,9.0167,-10.6,70.18,98,94,1.39,light rain
202,Jiazi,CN,22.8779,116.067,83.88,80,100,13.76,overcast clouds
203,Atar,MR,20.5169,-13.0499,95.32,14,65,3.09,broken clouds
204,Pundaguitan,PH,6.3711,126.1689,81.43,77,81,4.23,broken clouds
205,Malanville,BJ,11.8685,3.3899,82.62,63,36,11.5,scattered clouds
206,Noumea,NC,-22.2763,166.4572,78.78,99,74,6.85,broken clouds
207,Cherskiy,RU,68.75,161.3,62.31,36,15,13.91,few clouds
208,Juarez,MX,31.7333,-106.4833,98.91,24,20,15.99,few clouds
209,San Luis,AR,-33.295,-66.3356,41.68,39,100,12.75,moderate rain
210,Catumbela,AO,-12.4314,13.5472,70.43,77,3,2.21,clear sky
211,East London,ZA,-33.0153,27.9116,64.83,70,77,8.34,broken clouds
212,Syracuse,IT,37.0881,15.2792,67.89,57,0,4.25,clear sky
213,Sarkand,KZ,45.41,79.9186,60.51,44,0,5.01,clear sky
214,Bama,NG,11.5221,13.6856,80.6,58,99,14.45,overcast clouds
215,Shimoda,JP,34.6667,138.95,73.51,85,100,6.2,light rain
216,Port Hardy,CA,50.6996,-127.4199,55.58,88,90,5.75,light rain
217,Nhulunbuy,AU,-12.2333,136.7667,84.81,65,0,9.22,clear sky
218,Kodiak,US,57.79,-152.4072,54.91,67,1,11.5,clear sky
219,Belaya Gora,RU,68.5333,146.4167,47.35,43,69,15.77,broken clouds
220,Porto Novo,BJ,6.4965,2.6036,84.02,83,72,8.14,broken clouds
221,Acari,PE,-15.4311,-74.6158,67.1,79,50,3.33,scattered clouds
222,Wollongong,AU,-34.4333,150.8833,57.92,57,0,3.09,clear sky
223,Margate,GB,51.3813,1.3862,61.03,80,51,1.01,broken clouds
224,Longyearbyen,SJ,78.2186,15.6401,37.24,65,75,4.61,broken clouds
225,Bosaso,SO,11.2842,49.1816,92.44,39,92,13.65,overcast clouds
226,Kenai,US,60.5544,-151.2583,67.03,61,1,11.5,clear sky
227,Muros,ES,42.7762,-9.0603,72.1,91,47,4.27,scattered clouds
228,Pumiao,CN,22.75,108.4833,79.2,84,100,8.37,overcast clouds
229,Klaksvik,FO,62.2266,-6.589,49.12,98,100,21.3,overcast clouds
230,Qui Nhon,VN,13.7667,109.2333,84.88,67,80,11.01,broken clouds
231,Lesnoy,RU,57.6198,63.0784,59.92,81,14,4.38,few clouds
232,Saryg-Sep,RU,51.5,95.6,45.97,70,86,3.56,overcast clouds
233,Nosy Varika,MG,-20.5833,48.5333,65.01,92,28,10.6,light rain
234,Padang,ID,-0.9492,100.3543,73.45,87,86,4.21,light rain
235,Luanda,AO,-8.8368,13.2343,72.36,92,27,7.52,scattered clouds
236,Shelburne,CA,44.0787,-80.2041,64.29,48,28,13.85,scattered clouds
237,Starokostyantyniv,UA,49.7576,27.2034,56.59,95,1,8.28,clear sky
238,The Valley,AI,18.217,-63.0578,82.54,78,40,14.97,scattered clouds
239,Anchorage,US,61.2181,-149.9003,75.58,44,1,6.91,clear sky
240,Mokhsogollokh,RU,61.4681,128.9203,65.97,43,100,8.55,overcast clouds
241,Nawabshah,PK,26.2483,68.4096,82.36,78,0,11.5,haze
242,Paka,MY,4.6374,103.4368,73.33,100,20,0.0,few clouds
243,Sistranda,NO,63.7256,8.834,46.9,65,69,7.81,light rain
244,Hualmay,PE,-11.0964,-77.6139,66.0,84,16,10.09,few clouds
245,Santa Cruz,BO,-17.8,-63.1667,71.65,64,40,10.36,scattered clouds
246,Goroka,PG,-6.0834,145.3873,72.75,60,90,2.55,overcast clouds
247,Kanigoro,ID,-8.13,112.219,75.31,88,20,2.55,few clouds
248,Saint-Pierre,RE,-21.3393,55.4781,67.68,91,90,4.61,light rain
249,Lorengau,PG,-2.0226,147.2712,82.67,79,21,10.07,few clouds
250,Geraldton,AU,-28.7667,114.6,52.21,93,75,6.91,broken clouds
251,Camana,PE,-16.6228,-72.7111,63.64,85,38,6.4,scattered clouds
252,Anloga,GH,5.7947,0.8973,82.62,81,18,15.82,light rain
253,San Policarpo,PH,12.1791,125.5072,82.94,78,73,6.67,broken clouds
254,Abnub,EG,27.2696,31.1511,77.22,36,0,12.91,clear sky
255,Linqiong,CN,30.4159,103.4609,80.78,86,100,1.1,overcast clouds
256,Marsh Harbour,BS,26.5412,-77.0636,81.73,79,100,15.19,overcast clouds
257,Novoseleznevo,RU,55.6821,69.2056,61.45,94,100,6.98,overcast clouds
258,El Campo,US,29.1966,-96.2697,90.9,80,57,5.26,broken clouds
259,Tigil,RU,57.8,158.6667,60.85,40,98,16.62,overcast clouds
260,Padilla,CO,3.2204,-76.3139,76.57,93,47,3.49,scattered clouds
261,Cartagena,CO,10.3997,-75.5144,83.82,79,40,6.91,scattered clouds
262,Chitungwiza,ZW,-18.0127,31.0756,49.44,68,1,7.81,clear sky
263,Qaanaaq,GL,77.484,-69.3632,36.63,80,100,1.25,overcast clouds
264,Mount Gambier,AU,-37.8333,140.7667,49.91,93,92,10.36,overcast clouds
265,Osakarovka,KZ,50.565,72.5692,61.43,44,1,3.33,clear sky
266,Gambela,ET,8.25,34.5833,71.6,73,81,1.66,broken clouds
267,Souillac,MU,-20.5167,57.5167,69.37,94,40,4.61,light rain
268,Rorvik,NO,64.8621,11.2373,46.92,62,96,15.14,overcast clouds
269,Caramay,PH,10.1815,119.236,84.29,75,27,6.13,scattered clouds
270,Boyolangu,ID,-8.1181,111.8935,77.25,87,42,0.87,scattered clouds
271,Vaitape,PF,-16.5167,-151.75,80.62,76,26,20.67,light rain
272,Kottagudem,IN,17.55,80.6333,77.92,82,100,8.1,overcast clouds
273,Vila Franca Do Campo,PT,37.7167,-25.4333,68.41,92,71,5.19,broken clouds
274,Barinas,VE,8.6226,-70.2075,76.24,83,68,3.49,broken clouds
275,Moose Factory,CA,51.2585,-80.6094,55.4,50,1,12.66,clear sky
276,Marystown,CA,47.1666,-55.1483,50.86,100,69,13.02,broken clouds
277,Udachnyy,RU,66.4167,112.4,62.64,53,95,6.26,overcast clouds
278,Lebyazhye,RU,55.2689,66.4947,64.67,85,99,5.28,light rain
279,Airai,TL,-8.9266,125.4092,63.66,75,33,2.98,scattered clouds
280,Sisimiut,GL,66.9395,-53.6735,36.63,92,100,7.65,overcast clouds
281,Along,IN,28.1667,94.7667,75.74,98,94,0.27,overcast clouds
282,Cidreira,BR,-30.1811,-50.2056,56.89,71,100,13.42,overcast clouds
283,Dalbandin,PK,28.8947,64.4101,79.34,11,0,6.33,clear sky
284,Sao Joao Da Barra,BR,-21.6403,-41.0511,68.61,68,29,6.02,scattered clouds
285,Matara,LK,5.9485,80.5353,78.01,89,67,11.3,broken clouds
286,San Marco In Lamis,IT,41.7131,15.6399,56.32,52,57,2.46,broken clouds
287,Baringo,KE,0.4667,35.9667,72.27,62,99,2.04,light rain
288,Bridgewater,CA,44.3835,-64.5155,65.46,98,100,6.73,overcast clouds
289,Mongo,TD,12.1844,18.693,82.54,49,54,11.95,broken clouds
290,Flin Flon,CA,54.7682,-101.865,80.44,34,20,14.97,few clouds
291,Puerto Baquerizo Moreno,EC,-0.9,-89.6,73.06,79,15,9.51,few clouds
292,Taicheng,CN,38.731,113.228,63.39,85,97,4.16,overcast clouds
293,Loudeac,FR,48.1783,-2.7543,64.02,86,27,5.19,scattered clouds
294,Ginir,ET,7.1333,40.7,57.61,83,99,4.18,overcast clouds
295,Muisne,EC,0.6,-80.0333,76.68,86,82,3.65,light rain
296,Hobyo,SO,5.3505,48.5268,77.43,86,100,23.82,overcast clouds
297,Nanortalik,GL,60.1432,-45.2371,36.91,90,100,11.36,overcast clouds
298,Nefteyugansk,RU,61.0998,72.6035,62.85,87,78,11.41,light rain
299,Sfantu Gheorghe,RO,45.8667,25.7833,58.26,94,75,5.01,broken clouds
300,Dunedin,NZ,-45.8742,170.5036,52.81,96,100,1.01,overcast clouds
301,Hidalgo,MX,20.5,-99.0,66.65,59,100,15.43,overcast clouds
302,Narsaq,GL,60.9167,-46.05,38.55,87,77,4.54,broken clouds
303,Hohhot,CN,40.8106,111.6522,62.89,88,90,8.95,light rain
304,Haradok,BY,55.4624,29.9816,54.95,97,88,5.3,overcast clouds
305,Batagay-Alyta,RU,67.8006,130.4114,54.05,59,91,1.83,overcast clouds
306,Asau,RO,46.4333,26.4,61.95,93,56,6.89,broken clouds
307,Sarangani,PH,5.4033,125.4636,83.05,70,100,4.83,overcast clouds
308,Bilma,NE,18.6853,12.9164,89.13,13,0,9.93,clear sky
309,Tarakan,ID,3.3,117.6333,78.3,94,40,4.61,light rain
310,Surdila-Gaiseanca,RO,45.0667,27.3333,63.48,82,92,17.72,overcast clouds
311,Machacamarca,BO,-18.1667,-67.0333,46.36,39,46,3.18,scattered clouds
312,Iqaluit,CA,63.7506,-68.5145,40.73,70,40,11.99,scattered clouds
313,Brae,GB,60.3964,-1.353,49.91,95,100,17.4,overcast clouds
314,Jingdezhen,CN,29.2947,117.2079,81.48,88,100,2.62,light rain
315,Almeirim,BR,-1.5233,-52.5817,74.3,94,31,2.53,scattered clouds
316,Maua,BR,-23.6678,-46.4614,61.09,97,53,3.65,broken clouds
317,Birao,CF,10.2849,22.7882,79.68,59,86,3.96,overcast clouds
318,Reconquista,AR,-29.15,-59.65,54.61,67,95,8.84,overcast clouds
319,Necochea,AR,-38.5473,-58.7368,47.03,58,20,12.93,few clouds
320,Dongning,CN,44.0622,131.1207,68.61,73,100,2.71,overcast clouds
321,Roald,NO,62.5833,6.1333,48.16,67,100,3.15,overcast clouds
322,Plettenberg Bay,ZA,-34.0527,23.3716,58.48,75,7,2.33,clear sky
323,Puerto Parra,CO,6.6515,-74.0573,78.78,82,75,0.76,broken clouds
324,Vangaindrano,MG,-23.35,47.6,65.25,79,43,4.14,scattered clouds
325,Shancheng,CN,34.7953,116.0817,76.15,71,85,10.71,overcast clouds
326,Boyuibe,BO,-20.4167,-63.2833,66.11,87,76,6.8,broken clouds
327,Sungaipenuh,ID,-2.0833,101.3833,63.82,95,79,2.8,broken clouds
328,Petropavlovsk-Kamchatskiy,RU,53.0452,158.6483,55.99,77,0,6.71,clear sky
329,Port-Gentil,GA,-0.7193,8.7815,80.56,83,20,11.5,few clouds
330,Japura,ID,-0.3167,102.35,74.07,97,88,0.89,moderate rain
331,Sydney,AU,-33.8679,151.2073,57.27,86,20,3.0,few clouds
332,Pevek,RU,69.7008,170.3133,36.18,87,58,6.82,broken clouds
333,Hamilton,US,39.1834,-84.5333,78.64,59,55,5.91,broken clouds
334,Nueve De Julio,AR,-35.4444,-60.8831,38.71,57,35,7.25,scattered clouds
335,Chotila,IN,22.4167,71.1833,87.26,69,51,10.56,broken clouds
336,Matamoros,MX,25.5333,-103.25,91.51,31,40,11.5,dust
337,Bowen,AU,-20.0167,148.2333,73.62,82,36,6.89,scattered clouds
338,Osecina,RS,44.3731,19.6014,61.41,84,46,4.97,scattered clouds
339,Meadow Lake,US,34.8014,-106.5436,99.48,43,62,21.36,broken clouds
340,Purwodadi,ID,-7.0868,110.9158,78.51,88,97,3.04,overcast clouds
341,Palmer,US,42.1584,-72.3287,72.37,47,62,1.01,broken clouds
342,Fairbanks,US,64.8378,-147.7164,85.1,30,1,3.0,clear sky
343,Nova Praha,UA,48.5682,32.9027,62.6,88,82,4.99,broken clouds
344,Ponta Do Sol,PT,32.6667,-17.1,71.01,79,21,6.11,few clouds
345,Mahebourg,MU,-20.4081,57.7,69.26,94,40,4.61,light rain
346,Moberly,US,39.4184,-92.4382,89.58,22,1,4.61,clear sky
347,Haines Junction,CA,60.7522,-137.5108,60.75,67,100,2.3,light rain
348,Sorland,NO,67.667,12.6934,43.43,76,98,11.01,overcast clouds
349,Quartucciu,IT,39.2519,9.1794,73.0,83,0,5.75,clear sky
350,Sitka,US,57.0531,-135.33,55.29,76,75,10.36,light rain
351,Naze,JP,28.3667,129.4833,77.92,79,89,21.47,overcast clouds
352,Touros,BR,-5.1989,-35.4608,77.9,85,69,10.4,broken clouds
353,Guerrero Negro,MX,27.9769,-114.0611,73.35,62,6,14.99,clear sky
354,Sambava,MG,-14.2667,50.1667,69.57,88,8,9.98,clear sky
355,Ahipara,NZ,-35.1667,173.1667,61.34,83,85,7.18,overcast clouds
356,Caceres,ES,39.522,-6.3748,69.08,73,2,2.68,clear sky
357,Lima,PE,-12.0432,-77.0282,66.45,61,40,10.36,scattered clouds
358,Chokurdakh,RU,70.6333,147.9167,37.18,58,100,17.05,overcast clouds
359,Alofi,NU,-19.0595,-169.9187,80.49,69,75,12.66,broken clouds
360,Souris,CA,49.6172,-100.2612,82.74,53,31,14.47,scattered clouds
361,Verkhoyansk,RU,67.5447,133.385,53.73,50,94,4.81,overcast clouds
362,Tuy Hoa,VN,13.0833,109.3,82.8,68,83,10.47,broken clouds
363,Montecristi,EC,-1.05,-80.6667,78.62,78,40,4.61,light rain
364,Beringovskiy,RU,63.05,179.3167,49.59,66,17,7.65,few clouds
365,Rovaniemi,FI,66.5,25.7167,44.01,93,75,5.75,broken clouds
366,Teya,RU,60.3778,92.6267,57.49,74,96,4.68,overcast clouds
367,Gasa,PS,31.5,34.4667,69.78,70,0,3.71,clear sky
368,Santa Lucia,ES,27.9117,-15.5407,62.94,72,20,12.66,few clouds
369,Gat,IL,31.61,34.7642,69.4,77,0,1.63,clear sky
370,Cap Malheureux,MU,-19.9842,57.6142,69.48,76,0,3.0,clear sky
371,Coihaique,CL,-45.5752,-72.0662,28.35,93,0,2.3,clear sky
372,Funadhoo,MV,6.15,73.2667,83.3,71,89,19.28,overcast clouds
373,Tiksi,RU,71.6872,128.8694,40.01,60,81,9.19,broken clouds
374,Palencia,ES,42.4167,-4.5,60.8,88,89,4.7,overcast clouds
375,Dandong,CN,40.1292,124.3947,72.5,72,44,0.98,scattered clouds
376,Saldanha,ZA,-33.0117,17.9442,58.24,88,25,8.57,scattered clouds
377,Mikhaylovsk,RU,45.1283,42.0256,64.62,77,0,2.24,clear sky
378,Zhigalovo,RU,54.8097,105.1578,44.98,99,100,2.51,light rain
379,Pasighat,IN,28.0667,95.3333,78.44,96,75,0.45,broken clouds
380,Mairana,BO,-18.1167,-63.9333,52.61,83,100,2.37,overcast clouds
381,Mangai,CD,-4.05,19.5333,68.54,46,85,0.34,overcast clouds
382,Esperance,AU,-33.8667,121.9,58.08,68,85,16.44,overcast clouds
383,Gopalpur,IN,19.2667,84.9167,84.38,67,100,4.05,overcast clouds
384,Dawson,US,31.7735,-84.4466,91.78,37,85,6.22,overcast clouds
385,Nampula,MZ,-15.1165,39.2666,59.52,98,18,3.83,few clouds
386,Havelock,US,34.8791,-76.9013,77.02,94,76,3.0,broken clouds
387,Bikaner,IN,28.0167,73.3,84.06,50,68,0.96,broken clouds
388,Charo,MX,19.75,-101.05,74.55,58,85,4.23,overcast clouds
389,Carauari,BR,-4.8828,-66.8958,72.37,98,88,1.32,overcast clouds
390,West Bay,KY,19.3667,-81.4167,84.07,77,95,8.01,overcast clouds
391,Shingu,JP,33.7333,135.9833,72.91,91,100,2.06,overcast clouds
392,Birjand,IR,32.8663,59.2211,67.23,21,0,7.81,clear sky
393,Camacha,PT,33.0833,-16.3333,67.53,83,40,12.66,scattered clouds
394,Mexico,PH,15.0646,120.7198,85.14,71,95,1.9,overcast clouds
395,Pamplona,ES,42.8169,-1.6432,68.52,86,98,2.06,overcast clouds
396,Tsabong,BW,-26.0217,22.401,58.87,30,26,12.24,scattered clouds
397,Dutlwe,BW,-23.9833,23.9,53.74,32,68,8.03,broken clouds
398,Qaqortoq,GL,60.7167,-46.0333,46.9,88,75,6.62,broken clouds
399,Zhigansk,RU,66.7697,123.3711,55.94,54,82,13.47,broken clouds
400,Fortuna,US,40.5982,-124.1573,78.19,64,20,5.01,few clouds
401,Yar-Sale,RU,66.8333,70.8333,47.86,62,85,13.06,overcast clouds
402,Kalmunai,LK,7.4167,81.8167,78.46,72,90,3.76,overcast clouds
403,Zhuhai,CN,22.2769,113.5678,86.11,89,40,10.36,scattered clouds
404,La Libertad,EC,-2.2333,-80.9,73.24,83,98,4.76,light rain
405,Tekeli,KZ,44.83,78.8239,55.67,49,47,7.87,scattered clouds
406,Yuli,NG,9.6989,10.2744,75.29,84,100,10.31,light rain
407,Naujoji Akmene,LT,56.3167,22.9,48.81,92,22,4.68,few clouds
408,Batemans Bay,AU,-35.7167,150.1833,54.91,59,3,3.42,clear sky
409,Nsanje,MW,-16.92,35.262,66.87,87,97,3.0,overcast clouds
410,Kisangani,CD,0.5167,25.2,70.9,93,78,2.71,broken clouds
411,Yangambi,CD,0.8102,24.4336,69.96,97,87,1.97,light rain
412,Jasper,US,37.2001,-94.3502,91.53,43,1,5.75,clear sky
413,Terney,RU,45.0503,136.6092,59.25,76,35,4.52,scattered clouds
414,Ouallam,NE,14.3188,2.0866,93.9,27,18,8.75,few clouds
415,Namtsy,RU,62.7161,129.6658,68.11,40,69,6.91,broken clouds
416,Nemuro,JP,43.3236,145.575,48.63,91,100,5.97,overcast clouds
417,Abu Dhabi,AE,24.4667,54.3667,87.82,51,0,4.61,clear sky
418,Coahuayana,MX,18.7333,-103.6833,81.88,76,98,4.65,overcast clouds
419,Tual,ID,-5.6667,132.75,80.87,80,66,13.27,broken clouds
420,Tra Vinh,VN,9.9347,106.3453,79.07,86,100,3.69,overcast clouds
421,Ambilobe,MG,-13.2,49.05,68.86,95,23,2.39,few clouds
422,Barcelona,ES,41.3888,2.159,80.33,62,0,4.0,clear sky
423,Aksarka,RU,66.5606,67.7975,48.38,54,39,6.31,scattered clouds
424,Luena,AO,-11.7833,19.9167,49.66,42,27,4.07,scattered clouds
425,Roma,US,43.2128,-75.4557,63.37,84,90,4.61,overcast clouds
426,Asyut,EG,27.181,31.1837,79.05,36,0,12.68,clear sky
427,Miquelon,PM,47.0975,-56.3814,48.02,94,88,19.35,overcast clouds
428,La Palma,US,33.8464,-118.0467,109.81,43,1,3.0,clear sky
429,Shache,CN,38.4167,77.2406,55.78,88,100,14.67,light rain
430,Lodja,CD,-3.4833,23.4333,69.69,48,92,2.21,overcast clouds
431,Jabinyanah,TN,35.035,10.9081,73.67,67,19,5.37,few clouds
432,Tukrah,LY,32.5341,20.5791,70.9,82,1,7.05,clear sky
433,Kapoeta,SS,4.7717,33.5903,75.18,64,100,1.48,overcast clouds
434,Kapit,MY,2.0167,112.9333,75.29,97,98,0.85,overcast clouds
435,Cockburn Town,TC,21.4612,-71.1419,80.74,85,54,18.43,broken clouds
436,Tabou,CI,4.423,-7.3528,77.04,88,100,8.5,overcast clouds
437,San Jeronimo,PE,-11.9472,-75.2829,50.11,74,71,5.82,broken clouds
438,Garden City,US,42.3256,-83.331,73.22,38,30,1.01,scattered clouds
439,Cao Bang,VN,22.6667,106.25,79.41,91,82,2.17,broken clouds
440,Sinnamary,GF,5.3833,-52.95,78.24,87,61,7.92,broken clouds
441,Juneau,US,58.3019,-134.4197,58.21,86,90,3.44,light rain
442,Ust-Maya,RU,60.4167,134.5333,64.27,55,100,8.93,overcast clouds
443,Kudahuvadhoo,MV,2.6708,72.8944,83.1,70,60,11.81,broken clouds
444,Turukhansk,RU,65.8167,87.9833,61.7,82,43,15.88,scattered clouds
445,Ulaanbaatar,MN,47.9077,106.8832,41.13,70,40,13.42,scattered clouds
446,Ossora,RU,59.2353,163.0719,53.98,60,77,4.9,broken clouds
447,Saint-Augustin,CA,51.226,-58.6502,49.8,95,100,10.69,overcast clouds
448,Preston,GB,53.7667,-2.7167,61.25,81,22,4.54,few clouds
449,Kutum,SD,14.2,24.6667,79.47,20,98,5.32,overcast clouds
450,Puri,IN,19.8,85.85,83.37,76,100,9.48,overcast clouds
451,Veraval,IN,20.9,70.3667,84.11,81,58,17.45,broken clouds
452,Valleyview,CA,55.0667,-117.2859,54.57,91,100,22.68,overcast clouds
453,Oranzherei,RU,45.8476,47.5663,69.76,69,0,1.23,clear sky
454,Riihimaki,FI,60.7377,24.7773,52.56,78,3,6.85,clear sky
455,Trapani,IT,37.8333,12.6667,70.34,74,5,7.94,clear sky
456,Rocha,UY,-34.4833,-54.3333,48.85,63,42,10.29,scattered clouds
457,Luderitz,NA,-26.6481,15.1594,59.45,69,0,5.32,clear sky
458,Deputatskiy,RU,69.3,139.9,39.85,55,69,22.53,broken clouds
459,Toledo,ES,39.8333,-4.0,79.92,54,97,4.18,overcast clouds
460,Aviles,ES,43.5547,-5.9248,69.73,87,20,1.99,few clouds
461,Shirokiy,RU,49.758,129.523,68.45,88,86,8.77,overcast clouds
462,Sept-Iles,CA,50.2001,-66.3821,52.32,96,90,1.99,mist
463,Cayenne,GF,4.9333,-52.3333,82.09,83,75,3.0,moderate rain
464,Chishtian Mandi,PK,29.8,72.8667,84.65,55,26,2.75,scattered clouds
465,Tahoua,NE,14.8888,5.2692,90.12,32,51,7.23,broken clouds
466,Alyangula,AU,-13.8483,136.4192,80.47,100,40,2.3,scattered clouds
467,Krasnoarmeyskoye,RU,52.7182,50.0322,64.31,56,90,9.64,overcast clouds
468,Boston,US,42.3584,-71.0598,72.21,86,75,4.0,broken clouds
469,Port Keats,AU,-14.25,129.55,79.29,51,40,3.02,scattered clouds
470,Buin,CL,-33.7333,-70.75,57.74,95,79,4.5,broken clouds
471,Bukama,CD,-9.2,25.85,62.6,41,49,3.29,scattered clouds
472,Brazzaville,CG,-4.2658,15.2832,78.1,59,44,4.99,scattered clouds
473,Bagdarin,RU,54.4333,113.6,58.26,50,34,4.79,scattered clouds
474,Warwick,US,41.7001,-71.4162,73.36,84,29,1.99,scattered clouds
475,Kasongo-Lunda,CD,-6.4667,16.8167,66.72,45,16,1.12,few clouds
476,Saint-Ambroise,CA,48.5501,-71.3324,58.89,48,100,6.22,overcast clouds
477,Pozo Colorado,PY,-23.4923,-58.7972,65.05,60,97,7.02,overcast clouds
478,Broken Hill,AU,-31.95,141.4333,52.88,50,9,15.41,clear sky
479,Livingston,GB,55.9029,-3.5226,59.68,76,0,17.27,clear sky
480,Belmonte,BR,-15.8631,-38.8828,71.4,78,51,6.24,broken clouds
481,Bereda,ES,43.2686,-7.5406,65.57,91,69,1.83,broken clouds
482,Novyy Urgal,RU,51.0736,132.5642,74.37,55,99,8.66,overcast clouds
483,Berlevag,NO,70.8578,29.0864,42.21,73,100,23.98,overcast clouds
484,Hosur,IN,12.7167,77.8167,69.91,79,100,16.46,overcast clouds
485,Morro Bay,US,35.3658,-120.8499,99.48,43,2,8.99,clear sky
486,Conakry,GN,9.538,-13.6773,79.12,86,100,14.85,moderate rain
487,Tyrma,RU,50.0833,132.1667,73.78,58,100,4.41,overcast clouds
488,Portland,US,45.5234,-122.6762,70.7,66,75,4.0,broken clouds
489,Iki-Burul,RU,45.8208,44.6472,71.94,60,0,4.43,clear sky
490,Juba,SS,4.8517,31.5825,69.67,94,90,3.11,overcast clouds
491,Le Port,RE,-20.9373,55.2919,68.0,91,1,6.51,clear sky
492,Amahai,ID,-3.3333,128.9167,79.43,81,100,2.06,overcast clouds
493,Shakhtinsk,KZ,49.71,72.5872,43.36,49,0,5.19,clear sky
494,Gornyak,RU,50.9942,81.4661,57.07,76,1,5.28,clear sky
495,Ancud,CL,-41.8697,-73.8203,46.22,76,1,5.66,clear sky
496,Gunjur,GM,13.2019,-16.7339,78.62,89,97,11.72,overcast clouds
497,Brunswick,US,41.2381,-81.8418,66.11,38,40,5.01,scattered clouds
498,Sale,MA,34.0389,-6.8166,66.74,94,75,0.0,broken clouds
499,Cacu,BR,-18.5567,-51.1308,66.79,46,1,4.18,clear sky
500,Divnomorskoye,RU,44.5011,38.1353,64.92,89,48,7.56,light rain
501,Pandan,PH,14.0453,124.1694,86.09,70,44,6.42,scattered clouds
502,Tromso,NO,69.6496,18.957,41.65,81,75,1.99,light rain
503,Atasu,KZ,48.6814,71.6433,61.77,47,0,7.05,clear sky
504,Cooma,AU,-36.2333,149.1333,38.97,100,90,11.5,overcast clouds
505,Wanaka,NZ,-44.7,169.15,49.75,87,98,3.47,overcast clouds
506,Tessalit,ML,20.1986,1.0114,94.05,11,6,6.33,clear sky
507,Yaan,NG,7.3833,8.5667,74.05,92,92,7.45,overcast clouds
508,Bethlehem,BR,-1.4558,-48.5044,74.46,94,22,4.21,moderate rain
509,Gorontalo,ID,0.5412,123.0595,80.83,76,97,1.52,overcast clouds
510,Maragogi,BR,-9.0122,-35.2225,74.14,91,85,6.8,overcast clouds
511,Zyryanka,RU,65.75,150.85,64.29,54,75,16.2,broken clouds
512,Port Hedland,AU,-20.3167,118.5667,69.85,32,100,11.5,overcast clouds
513,Aykhal,RU,66.0,111.5,61.77,52,59,6.78,broken clouds
514,Tulagi,SB,-9.0996,160.1476,82.9,73,15,14.05,few clouds
515,Olga,RU,43.7444,135.2892,60.57,70,93,5.55,overcast clouds
516,Port Lincoln,AU,-34.7333,135.8667,52.92,84,69,15.1,broken clouds
517,Tukums,LV,56.9669,23.1553,43.95,94,24,5.37,few clouds
518,Fortuna Foothills,US,32.6578,-114.4119,116.69,8,1,4.0,clear sky
519,Mbandaka,CD,0.0487,18.2603,73.11,72,66,2.77,broken clouds
520,Isangel,VU,-19.55,169.2667,81.05,75,42,6.85,scattered clouds
521,Myaundzha,RU,63.0494,147.1858,63.93,34,33,3.24,scattered clouds
522,Pafos,CY,34.7667,32.4167,69.71,83,40,4.61,scattered clouds
523,Keti Bandar,PK,24.1447,67.4497,83.48,81,89,17.34,overcast clouds
524,Romans-Sur-Isere,FR,45.0464,5.0562,72.86,64,10,2.48,clear sky
525,Amurzet,RU,47.6967,131.0981,74.66,67,100,9.51,overcast clouds
526,Beaverlodge,CA,55.2166,-119.4361,55.15,86,100,4.54,overcast clouds
527,Plouzane,FR,48.3833,-4.6167,60.89,94,0,5.75,clear sky
528,Pierre,US,44.3683,-100.351,97.0,28,1,1.99,clear sky
529,Baghdad,IQ,33.3406,44.4009,84.11,32,0,14.97,clear sky
530,Khalkhal,IR,37.6189,48.5258,61.7,25,0,7.16,clear sky
531,Puqi,CN,29.7167,113.8833,87.22,67,88,7.18,overcast clouds
532,Bundaberg,AU,-24.85,152.35,74.21,97,90,1.99,overcast clouds
533,Marawi,PH,7.9986,124.2928,75.65,81,59,2.39,broken clouds
534,Mogadishu,SO,2.0371,45.3438,78.13,82,100,18.32,overcast clouds
535,Bonavista,CA,48.6499,-53.1147,51.8,87,35,17.0,scattered clouds
536,Faya,SA,18.3851,42.4509,66.72,27,43,2.53,scattered clouds
537,Isla Mujeres,MX,21.2311,-86.731,80.65,91,100,13.51,overcast clouds
538,Mayo,US,38.8876,-76.5119,77.11,60,1,1.99,clear sky
539,Snyder,US,32.7179,-100.9176,92.08,38,1,6.91,clear sky
540,Monte Alegre,BR,-2.0078,-54.0692,74.79,93,25,4.63,scattered clouds
541,Stabat,ID,3.761,98.4513,79.0,92,93,1.9,overcast clouds
542,Half Moon Bay,US,37.4636,-122.4286,88.12,49,1,16.11,clear sky
543,Port Blair,IN,11.6667,92.75,82.63,81,100,18.3,overcast clouds
544,Innisfail,AU,-17.5333,146.0333,84.87,78,52,1.01,broken clouds
545,Kommunisticheskiy,RU,61.6789,64.4819,54.23,84,29,3.67,scattered clouds
546,Gamba,GA,-2.65,10.0,76.06,86,97,5.14,overcast clouds
547,Kumano,JP,34.3442,132.5894,67.37,93,100,5.99,overcast clouds
548,Skjervoy,NO,70.0311,20.9714,43.41,74,100,33.11,light rain
549,Ewa Beach,US,21.3156,-158.0072,87.75,57,40,10.36,scattered clouds
550,Havoysund,NO,70.9963,24.6622,41.88,77,99,23.91,overcast clouds
551,Kaupanger,NO,61.1845,7.2404,47.1,77,100,2.57,light rain
552,Thaton,MM,16.9206,97.3714,75.81,95,100,2.73,moderate rain
553,Saint-Joseph,RE,-21.3667,55.6167,66.58,85,46,6.67,light rain
554,Maraa,BR,-1.8333,-65.3667,70.57,99,100,2.06,overcast clouds
555,College,US,64.8569,-147.8028,83.59,32,20,5.75,few clouds
556,Creston,US,41.0586,-94.3614,88.45,28,1,6.91,clear sky
557,Arosa,CH,46.7779,9.6762,55.08,80,99,2.53,overcast clouds
558,Gohand,IN,25.7,79.55,85.35,65,31,4.34,scattered clouds
559,Ulladulla,AU,-35.35,150.4667,62.87,58,0,3.78,clear sky
560,Hoa Binh,VN,20.8133,105.3383,84.09,77,65,2.8,broken clouds
561,Kotovo,RU,50.3211,44.8012,61.38,93,8,6.42,clear sky
562,Kochi,IN,9.9399,76.2602,76.98,81,100,13.02,overcast clouds
563,Limbang,MY,4.75,115.0,82.71,94,97,1.74,overcast clouds
